visitor_4297,www.s_8.com,www.s_8.com/page_1,1347844442
visitor_4297,www.s_7.com,www.s_8.com/page_1,1347844445
visitor_4039,www.s_6.com,www.s_6.com/page_1,1347844452
visitor_4039,www.s_6.com,www.s_6.com/page_1,1347844455
visitor_9857,www.s_6.com,www.s_6.com/page_1,1347844458
visitor_6574,www.s_9.com,www.s_9.com/page_1,1347844460
visitor_2120,www.s_4.com,www.s_4.com/page_1,1347844461
visitor_4374,www.s_8.com,www.s_8.com/page_1,1347844461
visitor_2120,www.s_4.com,www.s_4.com/page_1,1347844461
visitor_9836,www.s_5.com,www.s_5.com/page_1,1347844461
visitor_9306,www.s_2.com,www.s_2.com/page_1,1347844462
visitor_942,www.s_4.com,www.s_4.com/page_1,1347844464